,Care/Protection,Communication/Cooperation,Creativity,Justice/Equality/Freedom/Respect,Privacy,Professionalism,Sustainability,Truthfulness,Wisdom/Learning
Care/Protection,,,,,,,,,
Communication/Cooperation,76.47058823529412,,,,,,,,
Creativity,68.42105263157895,57.14285714285714,,,,,,,
Justice/Equality/Freedom/Respect,55.55555555555556,63.1578947368421,57.14285714285714,,,,,,
Privacy,75.0,70.58823529411765,66.66666666666666,78.94736842105263,,,,,
Professionalism,66.66666666666666,60.0,60.0,60.0,66.66666666666666,,,,
Sustainability,68.75,95.0,61.111111111111114,66.66666666666666,70.58823529411765,80.0,,,
Truthfulness,57.14285714285714,77.27272727272727,68.75,75.0,92.85714285714286,63.1578947368421,76.19047619047619,,
Wisdom/Learning,68.42105263157895,64.70588235294117,84.21052631578947,58.82352941176471,68.42105263157895,64.70588235294117,65.0,73.68421052631578,
