,Care/Protection,Communication/Cooperation,Creativity,Justice/Equality/Freedom/Respect,Privacy,Professionalism,Sustainability,Truthfulness,Wisdom/Learning
Care/Protection,,,,,,,,,
Communication/Cooperation,62.5,,,,,,,,
Creativity,14.285714285714285,57.14285714285714,,,,,,,
Justice/Equality/Freedom/Respect,41.66666666666667,37.5,50.0,,,,,,
Privacy,55.55555555555556,53.84615384615385,60.0,85.71428571428571,,,,,
Professionalism,83.33333333333334,81.81818181818183,11.11111111111111,58.333333333333336,85.71428571428571,,,,
Sustainability,64.28571428571429,71.42857142857143,14.285714285714285,55.55555555555556,81.81818181818183,53.333333333333336,,,
Truthfulness,50.0,60.0,30.0,63.63636363636363,66.66666666666666,44.44444444444444,50.0,,
Wisdom/Learning,62.5,25.0,50.0,70.0,55.55555555555556,63.63636363636363,66.66666666666666,76.92307692307693,
