,Care/Protection,Communication/Cooperation,Creativity,Justice/Equality/Freedom/Respect,Privacy,Professionalism,Sustainability,Truthfulness,Wisdom/Learning
Care/Protection,,,,,,,,,
Communication/Cooperation,62.5,,,,,,,,
Creativity,100.0,62.5,,,,,,,
Justice/Equality/Freedom/Respect,100.0,100.0,50.0,,,,,,
Privacy,100.0,85.71428571428571,100.0,92.85714285714286,,,,,
Professionalism,75.0,84.61538461538461,50.0,81.25,66.66666666666666,,,,
Sustainability,75.0,66.66666666666666,75.0,80.0,62.5,75.0,,,
Truthfulness,61.53846153846154,75.0,85.71428571428571,85.71428571428571,75.0,83.33333333333334,44.44444444444444,,
Wisdom/Learning,62.5,61.53846153846154,60.0,53.333333333333336,88.88888888888889,61.53846153846154,57.14285714285714,64.28571428571429,
