,Care/Protection,Communication/Cooperation,Creativity,Justice/Equality/Freedom/Respect,Privacy,Professionalism,Sustainability,Truthfulness,Wisdom/Learning
Care/Protection,,,,,,,,,
Communication/Cooperation,76.19047619047619,,,,,,,,
Creativity,70.0,68.42105263157895,,,,,,,
Justice/Equality/Freedom/Respect,81.81818181818183,68.42105263157895,50.0,,,,,,
Privacy,70.0,60.0,44.44444444444444,70.83333333333334,,,,,
Professionalism,30.0,68.42105263157895,66.66666666666666,52.0,57.89473684210527,,,,
Sustainability,73.68421052631578,77.27272727272727,73.91304347826086,64.70588235294117,47.368421052631575,52.94117647058824,,,
Truthfulness,50.0,72.72727272727273,68.42105263157895,84.21052631578947,63.1578947368421,61.904761904761905,63.1578947368421,,
Wisdom/Learning,52.38095238095239,47.61904761904761,43.47826086956522,78.94736842105263,80.0,44.44444444444444,59.09090909090909,57.14285714285714,
