model_pair,TokenCost_Model1,TokenCost_Model2,Avg_Turns_To_Consensus
Qwen/Qwen3-32B_high vs Qwen/Qwen3-32B_low,26.96698396555026,25.17160923577738,6.025926137095976
Qwen/Qwen3-32B_low vs Qwen/Qwen3-32B_low,27.610620204953666,27.70690955649289,4.38656952615286
Qwen/Qwen3-8B_high vs Qwen/Qwen3-8B_low,28.66549755839905,26.678241089681855,6.026617906954118
Qwen/Qwen3-8B_low vs Qwen/Qwen3-8B_low,27.915578020809228,27.916049159618044,5.948688271604938
openai/gpt-oss-20b_high vs openai/gpt-oss-20b_low,36.6318484181781,36.59368557255626,4.619538289069181
openai/gpt-oss-20b_low vs openai/gpt-oss-20b_low,31.03726054095302,30.617172460595953,5.601384100479677
