model_pair,TokenCost_Model1,TokenCost_Model2,Avg_Turns_To_Consensus
Qwen/Qwen3-32B vs Qwen/Qwen3-8B,26.24537092933389,26.30764617290979,7.323016774211627
deepseek-ai/DeepSeek-R1-Distill-Qwen-14B vs deepseek-ai/DeepSeek-R1-Distill-Qwen-7B,44.75083855056468,47.31904288456284,1.5514184397163122
google/gemma-3-12b-it vs google/gemma-3-27b-it,29.219476698559316,28.47524654699239,3.066111111111111
